experience_level,job_title,salary_in_usd,remote_ratio,company_location,company_size,gender
Senior,Data scientist,149000.0,,United States,Unknown,Unknown
Senior,Data scientist,120000.0,,United States,Unknown,Unknown
Senior,Data scientist,68000.0,,United Kingdom,Unknown,Unknown
Senior,Data scientist,120000.0,,United States,Unknown,Unknown
Senior,Data scientist,149000.0,,United States,Unknown,Unknown
Senior,Data scientist,68000.0,,United Kingdom,Unknown,Unknown
Senior,Data scientist,69000.0,,United States,Unknown,Unknown
Senior,Data scientist,68000.0,,Australia,Unknown,Unknown
Senior,Data scientist,140000.0,,United States,Unknown,Unknown
Senior,Data scientist,68000.0,,Bulgaria,Unknown,Unknown
Entry,Data scientist,35000.0,,Indonesia,Unknown,Unknown
Senior,Data scientist,68000.0,,Germany,Unknown,Unknown
Senior,Data scientist,68000.0,,United States,Unknown,Unknown
Senior,Data scientist,55000.0,,Malaysia,Unknown,Unknown
Senior,Data scientist,68000.0,,United States,Unknown,Unknown
Senior,Data scientist,68000.0,,India,Unknown,Unknown
Senior,Data scientist,68000.0,,United Kingdom,Unknown,Unknown
Entry,Data scientist,36000.0,,France,Unknown,Unknown
Mid,Data scientist,40000.0,,Sweden,Unknown,Unknown
Executive,Data scientist,130000.0,,United States,Unknown,Unknown
Senior,Data scientist,68000.0,,United States,Unknown,Unknown
Senior,Data scientist,56000.0,,Portugal,Unknown,Unknown
Senior,Data scientist,68000.0,,Canada,Unknown,Unknown
Senior,Data scientist,104000.0,,United States,Unknown,Unknown
Mid,Data scientist,62000.0,,Australia,Unknown,Unknown
Senior,Data scientist,150000.0,,United States,Unknown,Unknown
Senior,Data scientist,68000.0,,United Kingdom,Unknown,Unknown
Mid,Data scientist,40000.0,,Ecuador,Unknown,Unknown
Senior,Data scientist,161000.0,,United States,Unknown,Unknown
Senior,Data scientist,68000.0,,United Kingdom,Unknown,Unknown
Senior,Data scientist,68000.0,,Lithuania,Unknown,Unknown
Senior,Data scientist,68000.0,,United States,Unknown,Unknown
Senior,Data scientist,150000.0,,United States,Unknown,Unknown
Mid,Data scientist,40000.0,,United Kingdom,Unknown,Unknown
Senior,Data scientist,68000.0,,Chile,Unknown,Unknown
Senior,Data scientist,68000.0,,Kenya,Unknown,Unknown
Mid,Data scientist,40000.0,,Luxembourg,Unknown,Unknown
Senior,Data scientist,68000.0,,United States,Unknown,Unknown
Senior,Data scientist,68000.0,,France,Unknown,Unknown
Mid,Data scientist,40000.0,,France,Unknown,Unknown
Senior,Data scientist,56000.0,,Canada,Unknown,Unknown
Entry,Data scientist,74000.0,,United States,Unknown,Unknown
Mid,Data scientist,40000.0,,United States,Unknown,Unknown
Senior,Data scientist,68000.0,,Greece,Unknown,Unknown
Entry,Data scientist,36000.0,,France,Unknown,Unknown
Senior,Data scientist,68000.0,,United States,Unknown,Unknown
Senior,Data scientist,68000.0,,United Kingdom,Unknown,Unknown
Mid,Data scientist,40000.0,,Canada,Unknown,Unknown
Senior,Data scientist,68000.0,,United States,Unknown,Unknown
Mid,Data scientist,40000.0,,Germany,Unknown,Unknown
Mid,Data scientist,40000.0,,Norway,Unknown,Unknown
Senior,Data scientist,68000.0,,Switzerland,Unknown,Unknown
Mid,Data scientist,40000.0,,Germany,Unknown,Unknown
Entry,Data scientist,36000.0,,France,Unknown,Unknown
Senior,Data scientist,38966.4,,Spain,Unknown,Unknown
Mid,Data scientist,40000.0,,United States,Unknown,Unknown
Mid,Data scientist,40000.0,,United States,Unknown,Unknown
Senior,Data scientist,120000.0,,Poland,Unknown,Unknown
Mid,Data scientist,40000.0,,United States,Unknown,Unknown
Senior,Data scientist,68000.0,,India,Unknown,Unknown
Senior,Data scientist,68000.0,,Bulgaria,Unknown,Unknown
Senior,Data scientist,110000.0,,United States,Unknown,Unknown
Senior,Data scientist,68000.0,,France,Unknown,Unknown
Senior,Data scientist,68000.0,,Switzerland,Unknown,Unknown
Senior,Data scientist,68000.0,,United Kingdom,Unknown,Unknown
Senior,Data scientist,68000.0,,United Kingdom,Unknown,Unknown
Senior,Data scientist,81000.0,,United States,Unknown,Unknown
Entry,Data scientist,36000.0,,Spain,Unknown,Unknown
Entry,Data scientist,36000.0,,Canada,Unknown,Unknown
Senior,Data scientist,68000.0,,Portugal,Unknown,Unknown
Senior,Data scientist,68000.0,,Israel,Unknown,Unknown
Mid,Data scientist,40000.0,,United Kingdom,Unknown,Unknown
Senior,Data scientist,152000.0,,United States,Unknown,Unknown
Mid,Data scientist,40000.0,,Canada,Unknown,Unknown
Senior,Data scientist,68000.0,,United States,Unknown,Unknown
Mid,Data scientist,51000.0,,Greece,Unknown,Unknown
Mid,Data scientist,40000.0,,United States,Unknown,Unknown
Senior,Data scientist,95000.0,,United States,Unknown,Unknown
Senior,Data scientist,68000.0,,United Kingdom,Unknown,Unknown
Mid,Data scientist,40000.0,,United States,Unknown,Unknown
Senior,Data scientist,68000.0,,South Korea,Unknown,Unknown
Entry,Data scientist,36000.0,,United Kingdom,Unknown,Unknown
Mid,Data scientist,135000.0,,United States,Unknown,Unknown
Entry,Data scientist,36000.0,,France,Unknown,Unknown
Senior,Data scientist,68000.0,,United States,Unknown,Unknown
Mid,Data scientist,54120.0,,France,Unknown,Unknown
Senior,Data scientist,68000.0,,Brazil,Unknown,Unknown
Senior,Data scientist,68000.0,,Canada,Unknown,Unknown
Senior,Data scientist,68000.0,,South Africa,Unknown,Unknown
Mid,Data scientist,40000.0,,Japan,Unknown,Unknown
Senior,Data scientist,68000.0,,Sweden,Unknown,Unknown
Senior,Data scientist,68000.0,,United States,Unknown,Unknown
Mid,Data scientist,120000.0,,United States,Unknown,Unknown
Senior,Data scientist,68000.0,,United States,Unknown,Unknown
Entry,Data scientist,120000.0,,United States,Unknown,Unknown
Senior,Data scientist,68000.0,,Thailand,Unknown,Unknown
Senior,Data scientist,68000.0,,United Kingdom,Unknown,Unknown
Mid,Data scientist,40000.0,,India,Unknown,Unknown
Senior,Data scientist,68000.0,,Portugal,Unknown,Unknown
Entry,Data scientist,56000.0,,Japan,Unknown,Unknown
Senior,Data scientist,196000.0,,United States,Unknown,Unknown
Senior,Data scientist,68000.0,,United States,Unknown,Unknown
Senior,Data scientist,125000.0,,United States,Unknown,Unknown
Entry,Data scientist,36000.0,,Portugal,Unknown,Unknown
Senior,Data scientist,68000.0,,Canada,Unknown,Unknown
Senior,Data scientist,68000.0,,Greece,Unknown,Unknown
Mid,Data scientist,40000.0,,United Kingdom,Unknown,Unknown
Mid,Data scientist,40000.0,,Germany,Unknown,Unknown
Senior,Data scientist,68000.0,,United States,Unknown,Unknown
Entry,Data scientist,36000.0,,United Kingdom,Unknown,Unknown
Senior,Data scientist,68000.0,,United States,Unknown,Unknown
Senior,Data scientist,68000.0,,United States,Unknown,Unknown
Senior,Data scientist,68000.0,,India,Unknown,Unknown
Senior,Data scientist,68000.0,,Israel,Unknown,Unknown
Mid,Data scientist,40000.0,,United States,Unknown,Unknown
Senior,Data scientist,68000.0,,United States,Unknown,Unknown
Senior,Data scientist,68000.0,,United Kingdom,Unknown,Unknown
Senior,Data scientist,68000.0,,United Kingdom,Unknown,Unknown
Senior,Data scientist,68000.0,,Canada,Unknown,Unknown
Mid,Data scientist,40000.0,,Canada,Unknown,Unknown
Senior,Data scientist,68000.0,,United States,Unknown,Unknown
Entry,Data scientist,36000.0,,Canada,Unknown,Unknown
Senior,Data scientist,68000.0,,United States,Unknown,Unknown
Senior,Data scientist,68000.0,,Germany,Unknown,Unknown
Mid,Data scientist,40000.0,,Germany,Unknown,Unknown
Senior,Data scientist,68000.0,,Germany,Unknown,Unknown
Entry,Data scientist,36000.0,,Netherlands,Unknown,Unknown
Senior,Data scientist,68000.0,,Netherlands,Unknown,Unknown
Mid,Data scientist,40000.0,,Germany,Unknown,Unknown
Mid,Data scientist,51000.0,,France,Unknown,Unknown
Senior,Data scientist,68000.0,,Switzerland,Unknown,Unknown
Mid,Data scientist,40000.0,,Norway,Unknown,Unknown
Senior,Data scientist,68000.0,,United States,Unknown,Unknown
Senior,Data scientist,56000.0,,Switzerland,Unknown,Unknown
Senior,Data scientist,70000.0,,United States,Unknown,Unknown
Senior,Data scientist,120000.0,,United States,Unknown,Unknown
Senior,Data scientist,68000.0,,Canada,Unknown,Unknown
Mid,Data scientist,40000.0,,Spain,Unknown,Unknown
Mid,Data scientist,51000.0,,United Kingdom,Unknown,Unknown
Senior,Data scientist,38966.4,,Spain,Unknown,Unknown
Mid,Data scientist,51000.0,,United Arab Emirates,Unknown,Unknown
Mid,Data scientist,40000.0,,Germany,Unknown,Unknown
Senior,Data scientist,68000.0,,United States,Unknown,Unknown
Senior,Data scientist,68000.0,,United States,Unknown,Unknown
Senior,Data scientist,129000.0,,United States,Unknown,Unknown
Mid,Data scientist,51000.0,,Singapore,Unknown,Unknown
Senior,Data scientist,68000.0,,Canada,Unknown,Unknown
Senior,Data scientist,120000.0,,Germany,Unknown,Unknown
Mid,Data scientist,40000.0,,United Kingdom,Unknown,Unknown
Mid,Data scientist,40000.0,,Canada,Unknown,Unknown
Senior,Data scientist,68000.0,,United Kingdom,Unknown,Unknown
Senior,Data scientist,68000.0,,Denmark,Unknown,Unknown
Senior,Data scientist,68000.0,,Canada,Unknown,Unknown
Senior,Data scientist,120000.0,,Germany,Unknown,Unknown
Senior,Data scientist,68000.0,,United States,Unknown,Unknown
Senior,Data scientist,68000.0,,Germany,Unknown,Unknown
Mid,Data scientist,40000.0,,France,Unknown,Unknown
Entry,Data scientist,36000.0,,Canada,Unknown,Unknown
Senior,Data scientist,56000.0,,United States,Unknown,Unknown
Senior,Data scientist,68000.0,,United States,Unknown,Unknown
Senior,Data scientist,68000.0,,India,Unknown,Unknown
Senior,Data scientist,68000.0,,Costa Rica,Unknown,Unknown
Senior,Data scientist,68000.0,,United Kingdom,Unknown,Unknown
Mid,Data scientist,90000.0,,United States,Unknown,Unknown
Senior,Data scientist,68000.0,,United States,Unknown,Unknown
Senior,Data scientist,68000.0,,Portugal,Unknown,Unknown
Senior,Data scientist,68000.0,,Israel,Unknown,Unknown
Mid,Data scientist,40000.0,,Indonesia,Unknown,Unknown
Entry,Data scientist,36000.0,,Canada,Unknown,Unknown
Mid,Data scientist,62779.200000000004,,Germany,Unknown,Unknown
Senior,Data scientist,68000.0,,Canada,Unknown,Unknown
Entry,Data scientist,56000.0,,United States,Unknown,Unknown
Senior,Data scientist,68000.0,,United Kingdom,Unknown,Unknown
Entry,Data scientist,36000.0,,United States,Unknown,Unknown
Senior,Data scientist,68000.0,,United Kingdom,Unknown,Unknown
Mid,Data scientist,40000.0,,United States,Unknown,Unknown
Senior,Data scientist,68000.0,,United States,Unknown,Unknown
Mid,Data scientist,51000.0,,United States,Unknown,Unknown
Entry,Data scientist,36000.0,,France,Unknown,Unknown
Senior,Data scientist,68000.0,,United States,Unknown,Unknown
Senior,Data scientist,68000.0,,United Kingdom,Unknown,Unknown
Senior,Data scientist,68000.0,,Germany,Unknown,Unknown
Senior,Data scientist,68000.0,,United Kingdom,Unknown,Unknown
Mid,Data scientist,40000.0,,Indonesia,Unknown,Unknown
Senior,Data scientist,68000.0,,United Kingdom,Unknown,Unknown
Senior,Data scientist,68000.0,,Israel,Unknown,Unknown
Senior,Data scientist,120000.0,,Netherlands,Unknown,Unknown
Mid,Data scientist,40000.0,,Denmark,Unknown,Unknown
Senior,Data scientist,68000.0,,United States,Unknown,Unknown
Senior,Data scientist,68000.0,,United States,Unknown,Unknown
Senior,Data scientist,56000.0,,Singapore,Unknown,Unknown
Senior,Data scientist,68000.0,,Sweden,Unknown,Unknown
Senior,Data scientist,68000.0,,United States,Unknown,Unknown
Senior,Data scientist,56000.0,,Germany,Unknown,Unknown
Entry,Data scientist,36000.0,,France,Unknown,Unknown
Entry,Data scientist,36000.0,,France,Unknown,Unknown
Senior,Data scientist,120000.0,,United States,Unknown,Unknown
Senior,Data scientist,68000.0,,Germany,Unknown,Unknown
Senior,Data scientist,68000.0,,United States,Unknown,Unknown
Senior,Data scientist,68000.0,,Thailand,Unknown,Unknown
Senior,Data scientist,63000.0,,Thailand,Unknown,Unknown
Senior,Data scientist,68000.0,,United States,Unknown,Unknown
Senior,Data scientist,145000.0,,United States,Unknown,Unknown
Senior,Data scientist,68000.0,,United States,Unknown,Unknown
Mid,Data scientist,40000.0,,United States,Unknown,Unknown
Mid,Data scientist,51000.0,,Thailand,Unknown,Unknown
Mid,Data scientist,40000.0,,Canada,Unknown,Unknown
Senior,Data scientist,56000.0,,United States,Unknown,Unknown
Mid,Data scientist,40000.0,,Hong Kong,Unknown,Unknown
Senior,Data scientist,129000.0,,United States,Unknown,Unknown
Mid,Data scientist,120000.0,,United States,Unknown,Unknown
Entry,Data scientist,36000.0,,Germany,Unknown,Unknown
Senior,Data scientist,68000.0,,United States,Unknown,Unknown
Senior,Data scientist,68000.0,,United States,Unknown,Unknown
Mid,Data scientist,40000.0,,Germany,Unknown,Unknown
Mid,Data scientist,40000.0,,Spain,Unknown,Unknown
Senior,Data scientist,63000.0,,Thailand,Unknown,Unknown
Senior,Data scientist,68000.0,,Spain,Unknown,Unknown
Mid,Data scientist,40000.0,,France,Unknown,Unknown
Senior,Data scientist,122000.0,,United States,Unknown,Unknown
Senior,Data scientist,38966.4,,Spain,Unknown,Unknown
Mid,Data scientist,40000.0,,Portugal,Unknown,Unknown
Senior,Data scientist,120000.0,,Canada,Unknown,Unknown
Mid,Data scientist,40000.0,,Belgium,Unknown,Unknown
Mid,Data scientist,40000.0,,Spain,Unknown,Unknown
Senior,Data scientist,68000.0,,Finland,Unknown,Unknown
Mid,Data scientist,40000.0,,United States,Unknown,Unknown
Mid,Data scientist,40000.0,,United Kingdom,Unknown,Unknown
Senior,Data scientist,68000.0,,United States,Unknown,Unknown
Mid,Data scientist,40000.0,,Netherlands,Unknown,Unknown
Mid,Data scientist,40000.0,,Ireland - Remote,Unknown,Unknown
Entry,Data scientist,36000.0,,United States,Unknown,Unknown
Mid,Data scientist,40000.0,,United Arab Emirates,Unknown,Unknown
Senior,Data scientist,68000.0,,France,Unknown,Unknown
Senior,Data scientist,107000.0,,United States,Unknown,Unknown
Senior,Data scientist,68000.0,,United States,Unknown,Unknown
Senior,Data scientist,68000.0,,Canada,Unknown,Unknown
Senior,Data scientist,68000.0,,United Arab Emirates,Unknown,Unknown
Mid,Data scientist,40000.0,,Poland,Unknown,Unknown
Mid,Data scientist,40000.0,,Germany,Unknown,Unknown
Entry,Data scientist,36000.0,,France,Unknown,Unknown
Mid,Data scientist,30000.0,,United Kingdom,Unknown,Unknown
Mid,Data scientist,40000.0,,United Kingdom,Unknown,Unknown
Senior,Data scientist,68000.0,,India,Unknown,Unknown
Senior,Data scientist,68000.0,,France,Unknown,Unknown
Senior,Data scientist,68000.0,,United States,Unknown,Unknown
Senior,Data scientist,68000.0,,Canada,Unknown,Unknown
Senior,Data scientist,56000.0,,United States,Unknown,Unknown
Senior,Data scientist,68000.0,,Mexico,Unknown,Unknown
Mid,Data scientist,40000.0,,United Kingdom,Unknown,Unknown
Senior,Data scientist,81000.0,,United States,Unknown,Unknown
Senior,Data scientist,68000.0,,Poland,Unknown,Unknown
Mid,Data scientist,40000.0,,United States,Unknown,Unknown
Senior,Data scientist,68000.0,,Canada,Unknown,Unknown
Mid,Data scientist,62000.0,,Japan,Unknown,Unknown
Senior,Data scientist,68000.0,,Spain,Unknown,Unknown
Senior,Data scientist,68000.0,,Germany,Unknown,Unknown
Mid,Data scientist,40000.0,,United States,Unknown,Unknown
Senior,Data scientist,68000.0,,Germany,Unknown,Unknown
Mid,Data scientist,40000.0,,United States,Unknown,Unknown
Senior,Data scientist,129000.0,,United States,Unknown,Unknown
Senior,Data scientist,184000.0,,United States,Unknown,Unknown
Mid,Data scientist,40000.0,,Italy,Unknown,Unknown
Mid,Data scientist,40000.0,,Canada,Unknown,Unknown
Senior,Data scientist,68000.0,,Netherlands,Unknown,Unknown
Senior,Data scientist,68000.0,,Germany,Unknown,Unknown
Senior,Data scientist,68000.0,,Spain,Unknown,Unknown
Senior,Data scientist,104000.0,,United States,Unknown,Unknown
Senior,Data scientist,68000.0,,Germany,Unknown,Unknown
Senior,Data scientist,56000.0,,Spain,Unknown,Unknown
Entry,Data scientist,36000.0,,Austria,Unknown,Unknown
Senior,Data scientist,130000.0,,United States,Unknown,Unknown
Mid,Data scientist,40000.0,,Spain,Unknown,Unknown
Mid,Data scientist,40000.0,,United States,Unknown,Unknown
Senior,Data scientist,68000.0,,United States,Unknown,Unknown
Senior,Data scientist,68000.0,,United States,Unknown,Unknown
Mid,Data scientist,40000.0,,France,Unknown,Unknown
Senior,Data scientist,68000.0,,Israel,Unknown,Unknown
Mid,Data scientist,62000.0,,Japan,Unknown,Unknown
Senior,Data scientist,68000.0,,Poland,Unknown,Unknown
Senior,Data scientist,68000.0,,United States,Unknown,Unknown
Senior,Data scientist,56000.0,,Poland,Unknown,Unknown
Mid,Data scientist,87000.0,,United Kingdom,Unknown,Unknown
Mid,Data scientist,40000.0,,France,Unknown,Unknown
Senior,Data scientist,68000.0,,United States,Unknown,Unknown
Senior,Data scientist,56000.0,,United States,Unknown,Unknown
Senior,Data scientist,68000.0,,Germany,Unknown,Unknown
Senior,Data scientist,68000.0,,United States,Unknown,Unknown
Mid,Data scientist,40000.0,,Sweden,Unknown,Unknown
Mid,Data scientist,38000.0,,India,Unknown,Unknown
Mid,Data scientist,38000.0,,United Kingdom,Unknown,Unknown
Senior,Data scientist,68000.0,,India,Unknown,Unknown
Senior,Data scientist,68000.0,,India,Unknown,Unknown
Senior,Data scientist,68000.0,,Germany,Unknown,Unknown
Senior,Data scientist,68000.0,,United States,Unknown,Unknown
Senior,Data scientist,68000.0,,South Africa,Unknown,Unknown
Senior,Data scientist,68000.0,,United Kingdom,Unknown,Unknown
Entry,Data scientist,36000.0,,Serbia,Unknown,Unknown
Senior,Data scientist,68000.0,,France,Unknown,Unknown
Senior,Data scientist,68000.0,,United States,Unknown,Unknown
Senior,Data scientist,196000.0,,United States,Unknown,Unknown
Mid,Data scientist,38000.0,,Spain,Unknown,Unknown
Senior,Data scientist,184000.0,,United States,Unknown,Unknown
Mid,Data scientist,38000.0,,Germany,Unknown,Unknown
Senior,Data scientist,68000.0,,United States,Unknown,Unknown
Senior,Data scientist,196000.0,,United States,Unknown,Unknown
Senior,Data scientist,68000.0,,Canada,Unknown,Unknown
Senior,Data scientist,68000.0,,India,Unknown,Unknown
Mid,Data scientist,38000.0,,United States,Unknown,Unknown
Senior,Data scientist,68000.0,,United States,Unknown,Unknown
Senior,Data scientist,68000.0,,United States,Unknown,Unknown
Senior,Data scientist,56000.0,,United States,Unknown,Unknown
Mid,Data scientist,38000.0,,United States,Unknown,Unknown
Senior,Data scientist,127000.0,,United States,Unknown,Unknown
Senior,Data scientist,56000.0,,United Kingdom,Unknown,Unknown
Mid,Data scientist,38000.0,,United States,Unknown,Unknown
Senior,Data scientist,56000.0,,United States,Unknown,Unknown
Senior,Data scientist,68000.0,,United States,Unknown,Unknown
Mid,Data scientist,38000.0,,United States,Unknown,Unknown
Senior,Data scientist,68000.0,,South Korea,Unknown,Unknown
Senior,Data scientist,68000.0,,United States,Unknown,Unknown
Mid,Data scientist,38000.0,,Germany,Unknown,Unknown
Senior,Data scientist,68000.0,,United Kingdom,Unknown,Unknown
Senior,Data scientist,184000.0,,United States,Unknown,Unknown
Senior,Data scientist,129000.0,,United States,Unknown,Unknown
Senior,Data scientist,68000.0,,United States,Unknown,Unknown
Senior,Data scientist,38966.4,,Spain,Unknown,Unknown
Senior,Data scientist,68000.0,,Germany,Unknown,Unknown
Entry,Data scientist,36000.0,,France,Unknown,Unknown
Senior,Data scientist,129000.0,,United States,Unknown,Unknown
Senior,Data scientist,185000.0,,United States,Unknown,Unknown
Senior,Data scientist,68000.0,,United States,Unknown,Unknown
Senior,Data scientist,56000.0,,United States,Unknown,Unknown
Senior,Data scientist,68000.0,,United States,Unknown,Unknown
Entry,Data scientist,36000.0,,United States,Unknown,Unknown
Senior,Data scientist,68000.0,,United States,Unknown,Unknown
Senior,Data scientist,56000.0,,United States,Unknown,Unknown
Senior,Data scientist,68000.0,,United Kingdom,Unknown,Unknown
Senior,Data scientist,135000.0,,United States,Unknown,Unknown
Mid,Data scientist,38000.0,,Germany,Unknown,Unknown
Senior,Data scientist,93000.0,,United States,Unknown,Unknown
Mid,Data scientist,38000.0,,United States,Unknown,Unknown
Entry,Data scientist,36000.0,,France,Unknown,Unknown
Senior,Data scientist,129000.0,,United States,Unknown,Unknown
Senior,Data scientist,68000.0,,United Kingdom,Unknown,Unknown
Senior,Data scientist,46000.0,,Thailand,Unknown,Unknown
Senior,Data scientist,68000.0,,United States,Unknown,Unknown
Mid,Data scientist,38000.0,,United Kingdom,Unknown,Unknown
Senior,Data scientist,68000.0,,China,Unknown,Unknown
Senior,Data scientist,68000.0,,France,Unknown,Unknown
Mid,Data scientist,38000.0,,Germany,Unknown,Unknown
Senior,Data scientist,56000.0,,United States,Unknown,Unknown
Senior,Data scientist,156000.0,,United States,Unknown,Unknown
Senior,Data scientist,68000.0,,United States,Unknown,Unknown
Senior,Data scientist,68000.0,,Finland,Unknown,Unknown
Mid,Data scientist,38000.0,,Germany,Unknown,Unknown
Senior,Data scientist,129000.0,,United States,Unknown,Unknown
Senior,Data scientist,134000.0,,United States,Unknown,Unknown
Senior,Data scientist,172000.0,,United States,Unknown,Unknown
Mid,Data scientist,38000.0,,Poland,Unknown,Unknown
Senior,Data scientist,46000.0,,Thailand,Unknown,Unknown
Mid,Data scientist,38000.0,,United Kingdom,Unknown,Unknown
Mid,Data scientist,51000.0,,Thailand,Unknown,Unknown
Senior,Data scientist,68000.0,,India,Unknown,Unknown
Mid,Data scientist,38000.0,,United States,Unknown,Unknown
Senior,Data analyst,62000.0,,Denmark,Unknown,Unknown
Mid,Data analyst,51000.0,,Romania,Unknown,Unknown
Senior,Data analyst,62000.0,,Germany,Unknown,Unknown
Mid,Data analyst,51000.0,,Netherlands,Unknown,Unknown
Senior,Data analyst,63000.0,,Germany,Unknown,Unknown
Entry,Data analyst,48000.0,,United States,Unknown,Unknown
Senior,Data analyst,63000.0,,Indonesia,Unknown,Unknown
Senior,Data analyst,63000.0,,United States,Unknown,Unknown
Senior,Data analyst,63000.0,,United States,Unknown,Unknown
Mid,Data analyst,51000.0,,Spain,Unknown,Unknown
Mid,Data analyst,45000.0,,Colombia,Unknown,Unknown
Senior,Data analyst,76000.0,,United States,Unknown,Unknown
Mid,Data analyst,51000.0,,United Kingdom,Unknown,Unknown
Senior,Data analyst,140000.0,,United States,Unknown,Unknown
Entry,Data analyst,30000.0,,United Kingdom,Unknown,Unknown
Entry,Data analyst,30000.0,,South Africa,Unknown,Unknown
Entry,Data analyst,30000.0,,United States,Unknown,Unknown
Senior,Data analyst,62000.0,,Ireland,Unknown,Unknown
Mid,Data analyst,51000.0,,India,Unknown,Unknown
Senior,Data analyst,81000.0,,United States,Unknown,Unknown
Entry,Data analyst,30000.0,,United States,Unknown,Unknown
Senior,Data analyst,110000.0,,United States,Unknown,Unknown
Entry,Data analyst,30000.0,,Colombia,Unknown,Unknown
Senior,Data analyst,63000.0,,United Kingdom,Unknown,Unknown
Mid,Data analyst,51000.0,,France,Unknown,Unknown
Senior,Data analyst,41131.200000000004,,Spain,Unknown,Unknown
Executive,Data analyst,46000.0,,Uganda,Unknown,Unknown
Mid,Data analyst,56578.05,,United Kingdom,Unknown,Unknown
Senior,Data analyst,63000.0,,United States,Unknown,Unknown
Senior,Data analyst,63000.0,,United States,Unknown,Unknown
Senior,Data analyst,63000.0,,United States,Unknown,Unknown
Senior,Data analyst,63000.0,,United States,Unknown,Unknown
Senior,Data analyst,62000.0,,Germany,Unknown,Unknown
Senior,Data analyst,63000.0,,United Kingdom,Unknown,Unknown
Senior,Data analyst,81000.0,,United States,Unknown,Unknown
Mid,Data analyst,51000.0,,Latvia,Unknown,Unknown
Entry,Data analyst,30000.0,,Mexico,Unknown,Unknown
Senior,Data analyst,63000.0,,United Kingdom,Unknown,Unknown
Senior,Data analyst,100000.0,,United States,Unknown,Unknown
Senior,Data analyst,104000.0,,United States,Unknown,Unknown
Senior,Data analyst,63000.0,,United States,Unknown,Unknown
Mid,Data analyst,51000.0,,Mexico,Unknown,Unknown
Senior,Data analyst,225000.0,,United States,Unknown,Unknown
Entry,Data analyst,30000.0,,Germany,Unknown,Unknown
Senior,Data analyst,63000.0,,Colombia,Unknown,Unknown
Senior,Data analyst,63000.0,,Germany,Unknown,Unknown
Senior,Data analyst,63000.0,,Brazil,Unknown,Unknown
Mid,Data analyst,51000.0,,United Kingdom,Unknown,Unknown
Mid,Data analyst,51000.0,,United States,Unknown,Unknown
Senior,Data analyst,63000.0,,Brazil,Unknown,Unknown
Senior,Data analyst,63000.0,,Israel,Unknown,Unknown
Mid,Data analyst,51000.0,,South Africa,Unknown,Unknown
Senior,Data analyst,104000.0,,United States,Unknown,Unknown
Senior,Data analyst,63000.0,,Brasil,Unknown,Unknown
Mid,Data analyst,56578.05,,United Kingdom,Unknown,Unknown
Entry,Data analyst,30000.0,,France,Unknown,Unknown
Senior,Data analyst,63000.0,,Brazil,Unknown,Unknown
Entry,Data analyst,30000.0,,France,Unknown,Unknown
Mid,Data analyst,51000.0,,Belgium,Unknown,Unknown
Mid,Data analyst,51000.0,,United States,Unknown,Unknown
Mid,Data analyst,51000.0,,India,Unknown,Unknown
Senior,Data analyst,63000.0,,United States,Unknown,Unknown
Senior,Data analyst,63000.0,,Philippines,Unknown,Unknown
Senior,Data analyst,63000.0,,Thailand,Unknown,Unknown
Senior,Data analyst,63000.0,,United States,Unknown,Unknown
Senior,Data analyst,63000.0,,Germany,Unknown,Unknown
Mid,Data analyst,51000.0,,United States,Unknown,Unknown
Senior,Data analyst,63000.0,,United Kingdom,Unknown,Unknown
Senior,Data analyst,63000.0,,Australia,Unknown,Unknown
Entry,Data analyst,30000.0,,Spain,Unknown,Unknown
Entry,Data analyst,30000.0,,Poland,Unknown,Unknown
Senior,Data analyst,63000.0,,Canada,Unknown,Unknown
Mid,Data analyst,51000.0,,United Kingdom,Unknown,Unknown
Senior,Data analyst,63000.0,,United Kingdom,Unknown,Unknown
Senior,Data analyst,76000.0,,Brazil,Unknown,Unknown
Senior,Data analyst,63000.0,,Romania,Unknown,Unknown
Senior,Data analyst,119000.0,,France,Unknown,Unknown
Senior,Data analyst,63000.0,,Philippines,Unknown,Unknown
Senior,Data analyst,63000.0,,United States,Unknown,Unknown
Entry,Data analyst,30000.0,,Germany,Unknown,Unknown
Senior,Data analyst,63000.0,,United States,Unknown,Unknown
Senior,Data analyst,63000.0,,United Kingdom,Unknown,Unknown
Senior,Data analyst,63000.0,,United States,Unknown,Unknown
Senior,Data analyst,63000.0,,France,Unknown,Unknown
Mid,Data analyst,51000.0,,United Kingdom,Unknown,Unknown
Senior,Data analyst,63000.0,,Spain,Unknown,Unknown
Mid,Data analyst,51000.0,,Canada,Unknown,Unknown
Executive,Data analyst,46000.0,,India,Unknown,Unknown
Senior,Data analyst,63000.0,,India,Unknown,Unknown
Senior,Data analyst,63000.0,,United Kingdom,Unknown,Unknown
Mid,Data analyst,100000.0,,United States,Unknown,Unknown
Entry,Data analyst,30000.0,,Portugal,Unknown,Unknown
Senior,Data analyst,95000.0,,United States,Unknown,Unknown
Entry,Data analyst,30000.0,,United States,Unknown,Unknown
Mid,Data analyst,51000.0,,United Kingdom,Unknown,Unknown
Senior,Data analyst,81000.0,,United States,Unknown,Unknown
Mid,Data analyst,51000.0,,United States,Unknown,Unknown
Senior,Data analyst,63000.0,,Germany,Unknown,Unknown
Entry,Data analyst,30000.0,,Australia,Unknown,Unknown
Mid,Data analyst,51000.0,,United States,Unknown,Unknown
Senior,Data analyst,63000.0,,Finland,Unknown,Unknown
Senior,Data analyst,63000.0,,United States,Unknown,Unknown
Entry,Data analyst,30000.0,,United States,Unknown,Unknown
Mid,Data analyst,51000.0,,United States,Unknown,Unknown
Senior,Data analyst,63000.0,,United States,Unknown,Unknown
Senior,Data analyst,152000.0,,United States,Unknown,Unknown
Senior,Data analyst,63000.0,,Israel,Unknown,Unknown
Mid,Data analyst,51000.0,,Greece,Unknown,Unknown
Mid,Data analyst,51000.0,,India,Unknown,Unknown
Mid,Data analyst,40000.0,,United States,Unknown,Unknown
Senior,Data analyst,125000.0,,United States,Unknown,Unknown
Senior,Data analyst,63000.0,,United States,Unknown,Unknown
Senior,Data analyst,55000.0,,United States,Unknown,Unknown
Mid,Data analyst,51000.0,,United States,Unknown,Unknown
Entry,Data analyst,30000.0,,United Kingdom,Unknown,Unknown
Senior,Data analyst,63000.0,,Singapore,Unknown,Unknown
Mid,Data analyst,51000.0,,France,Unknown,Unknown
Mid,Data analyst,51000.0,,United Kingdom,Unknown,Unknown
Senior,Data analyst,94000.0,,Germany,Unknown,Unknown
Entry,Data analyst,30000.0,,France,Unknown,Unknown
Entry,Data analyst,30000.0,,Costa Rica,Unknown,Unknown
Entry,Data analyst,30000.0,,United States,Unknown,Unknown
Mid,Data analyst,51000.0,,Mexico,Unknown,Unknown
Mid,Data analyst,51000.0,,Japan,Unknown,Unknown
Senior,Data analyst,63000.0,,United Kingdom,Unknown,Unknown
Entry,Data analyst,30000.0,,Italy,Unknown,Unknown
Senior,Data analyst,63000.0,,Portugal,Unknown,Unknown
Senior,Data analyst,63000.0,,United States,Unknown,Unknown
Senior,Data analyst,63000.0,,Brazil,Unknown,Unknown
Mid,Data analyst,51000.0,,Germany,Unknown,Unknown
Mid,Data analyst,51000.0,,India,Unknown,Unknown
Mid,Data analyst,51000.0,,United Kingdom,Unknown,Unknown
Senior,Data analyst,63000.0,,North Macedonia,Unknown,Unknown
Entry,Data analyst,30000.0,,France,Unknown,Unknown
Senior,Data analyst,68000.0,,Thailand,Unknown,Unknown
Mid,Data analyst,51000.0,,France,Unknown,Unknown
Senior,Data analyst,63000.0,,United States,Unknown,Unknown
Senior,Data analyst,63000.0,,South Korea,Unknown,Unknown
Entry,Data analyst,30000.0,,Romania,Unknown,Unknown
Mid,Data analyst,51000.0,,United Kingdom,Unknown,Unknown
Mid,Data analyst,51000.0,,United States,Unknown,Unknown
Senior,Data analyst,63000.0,,Cyprus,Unknown,Unknown
Senior,Data analyst,63000.0,,United States,Unknown,Unknown
Entry,Data analyst,30000.0,,Philippines,Unknown,Unknown
Senior,Data analyst,89000.0,,United States,Unknown,Unknown
Mid,Data analyst,51000.0,,Europe,Unknown,Unknown
Entry,Data analyst,30000.0,,South Africa,Unknown,Unknown
Senior,Data analyst,68000.0,,United States,Unknown,Unknown
Entry,Data analyst,30000.0,,Argentina,Unknown,Unknown
Executive,Data analyst,41000.0,,India,Unknown,Unknown
Senior,Data analyst,63000.0,,Romania,Unknown,Unknown
Mid,Data analyst,40000.0,,Canada,Unknown,Unknown
Mid,Data analyst,51000.0,,Canada,Unknown,Unknown
Senior,Data analyst,63000.0,,Spain,Unknown,Unknown
Mid,Data analyst,51000.0,,France,Unknown,Unknown
Entry,Data analyst,30000.0,,France,Unknown,Unknown
Entry,Data analyst,30000.0,,United States,Unknown,Unknown
Senior,Data analyst,63000.0,,United Kingdom,Unknown,Unknown
Senior,Data analyst,63000.0,,Germany,Unknown,Unknown
Senior,Data analyst,63000.0,,France,Unknown,Unknown
Mid,Data analyst,51000.0,,United Kingdom,Unknown,Unknown
Mid,Data analyst,51000.0,,Mexico,Unknown,Unknown
Mid,Data analyst,51000.0,,United Kingdom,Unknown,Unknown
Senior,Data analyst,63000.0,,United States,Unknown,Unknown
Mid,Data analyst,51000.0,,United Arab Emirates,Unknown,Unknown
Senior,Data analyst,63000.0,,United States,Unknown,Unknown
Senior,Data analyst,63000.0,,Vietnam,Unknown,Unknown
Senior,Data analyst,63000.0,,Netherlands,Unknown,Unknown
Mid,Data analyst,100000.0,,United States,Unknown,Unknown
Senior,Data analyst,63000.0,,United States,Unknown,Unknown
Mid,Data analyst,51000.0,,Singapore,Unknown,Unknown
Senior,Data analyst,76000.0,,Philippines,Unknown,Unknown
Entry,Data analyst,30000.0,,France,Unknown,Unknown
Senior,Data analyst,90000.0,,United States,Unknown,Unknown
Senior,Data analyst,70000.0,,United States,Unknown,Unknown
Senior,Data analyst,63000.0,,United States,Unknown,Unknown
Senior,Data analyst,63000.0,,Canada,Unknown,Unknown
Mid,Data analyst,51000.0,,Japan,Unknown,Unknown
Mid,Data analyst,51000.0,,Canada,Unknown,Unknown
Entry,Data analyst,30000.0,,Belgium,Unknown,Unknown
Mid,Data analyst,51000.0,,Spain,Unknown,Unknown
Senior,Data analyst,71665.53,,United Kingdom,Unknown,Unknown
Senior,Data analyst,96000.0,,United States,Unknown,Unknown
Mid,Data analyst,40000.0,,France,Unknown,Unknown
Senior,Data analyst,70000.0,,United States,Unknown,Unknown
Senior,Data analyst,110000.0,,United States,Unknown,Unknown
Entry,Data analyst,30000.0,,Tunis,Unknown,Unknown
Mid,Data analyst,124000.0,,United States,Unknown,Unknown
Senior,Data analyst,63000.0,,India,Unknown,Unknown
Mid,Data analyst,51000.0,,United States,Unknown,Unknown
Mid,Data analyst,51000.0,,France,Unknown,Unknown
Mid,Data analyst,51000.0,,India,Unknown,Unknown
Senior,Data analyst,63000.0,,Mexico,Unknown,Unknown
Entry,Data analyst,30000.0,,Germany,Unknown,Unknown
Senior,Data analyst,63000.0,,India,Unknown,Unknown
Mid,Data analyst,51000.0,,Brasil,Unknown,Unknown
Senior,Data analyst,70000.0,,United States,Unknown,Unknown
Senior,Data analyst,63000.0,,United Kingdom,Unknown,Unknown
Senior,Data analyst,63000.0,,Malaysia,Unknown,Unknown
Entry,Data analyst,30000.0,,Costa Rica,Unknown,Unknown
Mid,Data analyst,51000.0,,United States,Unknown,Unknown
Senior,Data analyst,63000.0,,United Kingdom,Unknown,Unknown
Mid,Data analyst,51000.0,,United Kingdom,Unknown,Unknown
Executive,Data analyst,46000.0,,India,Unknown,Unknown
Senior,Data analyst,63000.0,,France,Unknown,Unknown
Entry,Data analyst,30000.0,,United States,Unknown,Unknown
Senior,Data analyst,63000.0,,Italy,Unknown,Unknown
Senior,Data analyst,63000.0,,France,Unknown,Unknown
Senior,Data analyst,63000.0,,Canada,Unknown,Unknown
Senior,Data analyst,63000.0,,United Kingdom,Unknown,Unknown
Senior,Data analyst,63000.0,,United States,Unknown,Unknown
Mid,Data analyst,51000.0,,United Kingdom,Unknown,Unknown
Mid,Data analyst,51000.0,,United States,Unknown,Unknown
Mid,Data analyst,160000.0,,United States,Unknown,Unknown
Senior,Data analyst,63000.0,,United States,Unknown,Unknown
Mid,Data analyst,51000.0,,United Kingdom,Unknown,Unknown
Mid,Data analyst,109000.0,,United States,Unknown,Unknown
Senior,Data analyst,68000.0,,Germany,Unknown,Unknown
Entry,Data analyst,30000.0,,France,Unknown,Unknown
Entry,Data analyst,30000.0,,India,Unknown,Unknown
Senior,Data analyst,100000.0,,United States,Unknown,Unknown
Senior,Data analyst,63000.0,,United Kingdom,Unknown,Unknown
Mid,Data analyst,51000.0,,Ireland,Unknown,Unknown
Entry,Data analyst,30000.0,,Singapore,Unknown,Unknown
Senior,Data analyst,63000.0,,Australia,Unknown,Unknown
Entry,Data analyst,30000.0,,Malaysia,Unknown,Unknown
Senior,Data analyst,63000.0,,Brazil,Unknown,Unknown
Mid,Data analyst,51000.0,,Greece,Unknown,Unknown
Entry,Data analyst,30000.0,,France,Unknown,Unknown
Senior,Data analyst,68000.0,,United Kingdom,Unknown,Unknown
Mid,Data analyst,100000.0,,United States,Unknown,Unknown
Mid,Data analyst,51000.0,,Mexico,Unknown,Unknown
Senior,Data analyst,63000.0,,Sweden,Unknown,Unknown
Senior,Data analyst,63000.0,,United Kingdom,Unknown,Unknown
Senior,Data analyst,63000.0,,Romania,Unknown,Unknown
Entry,Data analyst,30000.0,,United States,Unknown,Unknown
Senior,Data analyst,63000.0,,Brazil,Unknown,Unknown
Senior,Data analyst,63000.0,,France,Unknown,Unknown
Senior,Data analyst,63000.0,,Spain,Unknown,Unknown
Senior,Data analyst,63000.0,,United Kingdom,Unknown,Unknown
Senior,Data analyst,63000.0,,Costa Rica,Unknown,Unknown
Entry,Data analyst,30000.0,,France,Unknown,Unknown
Senior,Data analyst,130000.0,,United States,Unknown,Unknown
Mid,Data analyst,51000.0,,United States,Unknown,Unknown
Entry,Data analyst,30000.0,,Norway,Unknown,Unknown
Senior,Data analyst,63000.0,,Canada,Unknown,Unknown
Senior,Data analyst,63000.0,,United States,Unknown,Unknown
Entry,Data analyst,30000.0,,United Kingdom,Unknown,Unknown
Senior,Data analyst,63000.0,,France,Unknown,Unknown
Mid,Data analyst,51000.0,,France,Unknown,Unknown
Mid,Data analyst,84000.0,,United States,Unknown,Unknown
Senior,Data analyst,130000.0,,United States,Unknown,Unknown
Mid,Data analyst,51000.0,,Poland,Unknown,Unknown
Entry,Data analyst,30000.0,,France,Unknown,Unknown
Mid,Data analyst,51000.0,,India,Unknown,Unknown
Senior,Data analyst,63000.0,,United Kingdom,Unknown,Unknown
Mid,Data analyst,51000.0,,Singapore,Unknown,Unknown
Senior,Data analyst,63000.0,,Indonesia,Unknown,Unknown
Senior,Data analyst,63000.0,,Brazil,Unknown,Unknown
Entry,Data analyst,30000.0,,United Kingdom,Unknown,Unknown
Senior,Data analyst,110000.0,,United States,Unknown,Unknown
Entry,Data analyst,30000.0,,Italy,Unknown,Unknown
Mid,Data analyst,51000.0,,United States,Unknown,Unknown
Mid,Data analyst,51000.0,,United States,Unknown,Unknown
Senior,Data analyst,63000.0,,Netherlands,Unknown,Unknown
Senior,Data analyst,63000.0,,Thailand,Unknown,Unknown
Senior,Data analyst,68000.0,,United States,Unknown,Unknown
Entry,Data analyst,30000.0,,Spain,Unknown,Unknown
Senior,Data analyst,68000.0,,Thailand,Unknown,Unknown
Senior,Data analyst,63000.0,,Poland,Unknown,Unknown
Senior,Data analyst,63000.0,,United Kingdom,Unknown,Unknown
Senior,Data analyst,63000.0,,Thailand,Unknown,Unknown
Senior,Data analyst,68000.0,,United States,Unknown,Unknown
Senior,Data analyst,63000.0,,India,Unknown,Unknown
Mid,Data analyst,51000.0,,Thailand,Unknown,Unknown
Mid,Data analyst,51000.0,,United Kingdom,Unknown,Unknown
Senior,Data analyst,63000.0,,Thailand,Unknown,Unknown
Entry,Data analyst,30000.0,,India,Unknown,Unknown
Senior,Data analyst,63000.0,,India,Unknown,Unknown
Mid,Data analyst,51000.0,,Canada,Unknown,Unknown
Senior,Data analyst,63000.0,,Sweden,Unknown,Unknown
Mid,Data analyst,51000.0,,United States,Unknown,Unknown
Mid,Data analyst,140000.0,,United States,Unknown,Unknown
Mid,Data analyst,51000.0,,India,Unknown,Unknown
Senior,Data analyst,110000.0,,United States,Unknown,Unknown
Mid,Data analyst,51000.0,,United States,Unknown,Unknown
Senior,Data analyst,63000.0,,United States,Unknown,Unknown
Mid,Data analyst,51000.0,,United States,Unknown,Unknown
Senior,Data analyst,63000.0,,Thailand,Unknown,Unknown
Senior,Data analyst,63000.0,,United Kingdom,Unknown,Unknown
Senior,Data analyst,63000.0,,United States,Unknown,Unknown
Mid,Data analyst,51000.0,,Turkey,Unknown,Unknown
Mid,Data analyst,51000.0,,France,Unknown,Unknown
Entry,Data analyst,30000.0,,Germany,Unknown,Unknown
Mid,Data analyst,51000.0,,Germany,Unknown,Unknown
Entry,Data analyst,30000.0,,Spain,Unknown,Unknown
Senior,Data analyst,63000.0,,United States,Unknown,Unknown
Mid,Data analyst,51000.0,,France,Unknown,Unknown
Mid,Data analyst,51000.0,,Australia,Unknown,Unknown
Senior,Data analyst,63000.0,,Thailand,Unknown,Unknown
Mid,Data analyst,51000.0,,South Africa,Unknown,Unknown
Senior,Data analyst,63000.0,,Canada,Unknown,Unknown
Senior,Data analyst,63000.0,,United States,Unknown,Unknown
Senior,Data analyst,63000.0,,India,Unknown,Unknown
Senior,Data analyst,63000.0,,India,Unknown,Unknown
Entry,Data analyst,30000.0,,Poland,Unknown,Unknown
Senior,Data analyst,63000.0,,United States,Unknown,Unknown
Senior,Data analyst,63000.0,,Malaysia,Unknown,Unknown
Senior,Data analyst,63000.0,,Australia,Unknown,Unknown
Senior,Data analyst,63000.0,,Canada,Unknown,Unknown
Senior,Data analyst,63000.0,,United States,Unknown,Unknown
Mid,Data analyst,124000.0,,United States,Unknown,Unknown
Senior,Data analyst,63000.0,,United States,Unknown,Unknown
Senior,Data analyst,90000.0,,United States,Unknown,Unknown
Senior,Data analyst,100000.0,,United States,Unknown,Unknown
Entry,Data analyst,30000.0,,Poland,Unknown,Unknown
Senior,Data analyst,63000.0,,United States,Unknown,Unknown
Mid,Data analyst,51000.0,,Egypt,Unknown,Unknown
Mid,Data analyst,100000.0,,United States,Unknown,Unknown
Mid,Data analyst,51000.0,,Turkey,Unknown,Unknown
Senior,Data analyst,115000.0,,United States,Unknown,Unknown
Senior,Data analyst,129000.0,,United States,Unknown,Unknown
Senior,Data analyst,68000.0,,Netherlands,Unknown,Unknown
Senior,Data analyst,104000.0,,United States,Unknown,Unknown
Senior,Data analyst,130000.0,,United States,Unknown,Unknown
Mid,Data analyst,40000.0,,France,Unknown,Unknown
Entry,Data analyst,30000.0,,India,Unknown,Unknown
Mid,Data analyst,51000.0,,Belgium,Unknown,Unknown
Senior,Data analyst,46000.0,,United States,Unknown,Unknown
Mid,Data analyst,51000.0,,Switzerland,Unknown,Unknown
Senior,Data analyst,46000.0,,France,Unknown,Unknown
Mid,Data analyst,51000.0,,France,Unknown,Unknown
Senior,Data analyst,68000.0,,United States,Unknown,Unknown
Senior,Data analyst,46000.0,,India,Unknown,Unknown
Senior,Data analyst,110000.0,,United States,Unknown,Unknown
Mid,Data analyst,51000.0,,Canada,Unknown,Unknown
Senior,Data analyst,46000.0,,United States,Unknown,Unknown
Senior,Data analyst,131000.0,,United States,Unknown,Unknown
Senior,Data analyst,46000.0,,United Arab Emirates,Unknown,Unknown
Senior,Data analyst,68000.0,,United States,Unknown,Unknown
Mid,Data analyst,51000.0,,India,Unknown,Unknown
Entry,Data analyst,30000.0,,United States,Unknown,Unknown
Senior,Data analyst,46000.0,,United States,Unknown,Unknown
Mid,Data analyst,51000.0,,Germany,Unknown,Unknown
Mid,Big data,51000.0,,United Kingdom,Unknown,Unknown
Senior,Big data,30000.0,,United Kingdom,Unknown,Unknown
Mid,Big data,45000.0,,United Kingdom,Unknown,Unknown
Senior,Big data,30000.0,,United Kingdom,Unknown,Unknown
Senior,Big data,69000.0,,United States,Unknown,Unknown
Senior,Big data,69000.0,,United States,Unknown,Unknown
Senior,Big data,62000.0,,United Kingdom,Unknown,Unknown
Senior,Big data,62000.0,,United Kingdom,Unknown,Unknown
Senior,Big data,62000.0,,United Kingdom,Unknown,Unknown
Mid,Big data,45000.0,,United Kingdom,Unknown,Unknown
Senior,Big data,62000.0,,France,Unknown,Unknown
Mid,Big data,45000.0,,United Kingdom,Unknown,Unknown
Senior,Big data,62000.0,,United Kingdom,Unknown,Unknown
Senior,Big data,30000.0,,Israel,Unknown,Unknown
Senior,Big data,62000.0,,Belgium,Unknown,Unknown
Senior,Big data,63000.0,,United States,Unknown,Unknown
Senior,Big data,63000.0,,United States,Unknown,Unknown
Senior,Big data,56000.0,,Portugal,Unknown,Unknown
Mid,Big data,45000.0,,Poland,Unknown,Unknown
Senior,Big data,76000.0,,United Kingdom,Unknown,Unknown
Senior,Big data,68000.0,,United Kingdom,Unknown,Unknown
Senior,Big data,63000.0,,United Kingdom,Unknown,Unknown
Senior,Big data,76000.0,,United Kingdom,Unknown,Unknown
Senior,Big data,113000.0,,United States,Unknown,Unknown
Entry,Big data,30000.0,,Poland,Unknown,Unknown
Senior,Big data,76000.0,,Portugal,Unknown,Unknown
Senior,Big data,30000.0,,Ukraine,Unknown,Unknown
Senior,Big data,68000.0,,United States,Unknown,Unknown
Senior,Big data,68000.0,,Switzerland,Unknown,Unknown
Senior,Big data,171000.0,,United States,Unknown,Unknown
Senior,Big data,30000.0,,Brazil,Unknown,Unknown
Senior,Big data,63000.0,,United States,Unknown,Unknown
Senior,Big data,106000.0,,United States,Unknown,Unknown
Senior,Big data,68000.0,,Switzerland,Unknown,Unknown
Mid,Big data,51000.0,,United Arab Emirates,Unknown,Unknown
Senior,Big data,30000.0,,South Africa,Unknown,Unknown
Senior,Big data,68000.0,,Denmark,Unknown,Unknown
Senior,Big data,68000.0,,United Kingdom,Unknown,Unknown
Senior,Big data,76000.0,,United States,Unknown,Unknown
Mid,Big data,51000.0,,France,Unknown,Unknown
Executive,Big data,46000.0,,India,Unknown,Unknown
Senior,Big data,30000.0,,Ireland,Unknown,Unknown
Senior,Big data,76000.0,,Portugal,Unknown,Unknown
Entry,Big data,30000.0,,Poland,Unknown,Unknown
Senior,Big data,56000.0,,Singapore,Unknown,Unknown
Senior,Big data,76000.0,,United Kingdom,Unknown,Unknown
Senior,Big data,30000.0,,India,Unknown,Unknown
Senior,Big data,30000.0,,Poland,Unknown,Unknown
Senior,Big data,63000.0,,Poland,Unknown,Unknown
Senior,Big data,63000.0,,Thailand,Unknown,Unknown
Mid,Big data,51000.0,,Thailand,Unknown,Unknown
Senior,Big data,63000.0,,Thailand,Unknown,Unknown
Senior,Big data,30000.0,,India,Unknown,Unknown
Senior,Big data,63000.0,,United States,Unknown,Unknown
Senior,Big data,30000.0,,India,Unknown,Unknown
Senior,Big data,30000.0,,Mexico,Unknown,Unknown
Senior,Big data,68000.0,,France,Unknown,Unknown
Senior,Big data,30000.0,,India,Unknown,Unknown
Mid,Big data,40000.0,,France,Unknown,Unknown
Entry,Big data,30000.0,,India,Unknown,Unknown
Senior,Big data,30000.0,,Israel,Unknown,Unknown
Senior,Big data,30000.0,,India,Unknown,Unknown
Senior,Big data,30000.0,,United States,Unknown,Unknown
Senior,Big data,129000.0,,United States,Unknown,Unknown
Senior,Big data,76000.0,,Greece,Unknown,Unknown
Senior,Big data,76000.0,,Portugal,Unknown,Unknown
Senior,Big data,178000.0,,United States,Unknown,Unknown
Senior,Big data,46000.0,,Thailand,Unknown,Unknown
Senior,Big data,76000.0,,India,Unknown,Unknown
Senior,Big data,76000.0,,India,Unknown,Unknown
Senior,Big data,46000.0,,Thailand,Unknown,Unknown
Mid,Big data,51000.0,,Thailand,Unknown,Unknown
Senior,Big data,100000.0,,United Kingdom,Unknown,Unknown
Mid,Big data,30000.0,,France,Unknown,Unknown
Senior,Big data,45000.0,,United States,Unknown,Unknown
Senior,Big data,30000.0,,India,Unknown,Unknown
Senior,Big data,30000.0,,Philippines,Unknown,Unknown
Senior,Big data,76000.0,,Spain,Unknown,Unknown
Mid,Big data,38000.0,,Spain,Unknown,Unknown
Senior,Big data,30000.0,,Australia,Unknown,Unknown
Mid,Big data,78000.0,,United States,Unknown,Unknown
Senior,Big data,46000.0,,Singapore,Unknown,Unknown
Mid,Big data,38000.0,,Thailand,Unknown,Unknown
Senior,Big data,76000.0,,India,Unknown,Unknown
Mid,Big data,38000.0,,Netherlands,Unknown,Unknown
Senior,Big data,76000.0,,India,Unknown,Unknown
Mid,Big data,30000.0,,India,Unknown,Unknown
Mid,Big data,30000.0,,India,Unknown,Unknown
Mid,Big data,30000.0,,India,Unknown,Unknown
Mid,Big data,38000.0,,Mexico,Unknown,Unknown
Senior,Big data,46000.0,,Thailand,Unknown,Unknown
Senior,Big data,46000.0,,Thailand,Unknown,Unknown
Mid,Big data,30000.0,,Spain,Unknown,Unknown
Mid,Big data,51000.0,,Thailand,Unknown,Unknown
Mid,Machine learning,124000.0,,United States,Unknown,Unknown
Executive,Machine learning,81000.0,,Canada,Unknown,Unknown
Senior,Machine learning,62000.0,,Germany,Unknown,Unknown
Senior,Machine learning,120000.0,,United States,Unknown,Unknown
Senior,Machine learning,68000.0,,United Kingdom,Unknown,Unknown
Senior,Machine learning,120000.0,,United States,Unknown,Unknown
Senior,Machine learning,56000.0,,Poland,Unknown,Unknown
Senior,Machine learning,69000.0,,United States,Unknown,Unknown
Senior,Machine learning,56000.0,,Poland,Unknown,Unknown
Mid,Machine learning,56000.0,,United Kingdom,Unknown,Unknown
Mid,Machine learning,51000.0,,Greece,Unknown,Unknown
Senior,Machine learning,56000.0,,Poland,Unknown,Unknown
Senior,Machine learning,142000.0,,United States,Unknown,Unknown
Mid,Machine learning,51000.0,,Poland,Unknown,Unknown
Senior,Machine learning,69000.0,,United States,Unknown,Unknown
Mid,Machine learning,51000.0,,Poland,Unknown,Unknown
Mid,Machine learning,51000.0,,Poland,Unknown,Unknown
Mid,Machine learning,43000.0,,Canada,Unknown,Unknown
Senior,Machine learning,45000.0,,Portugal,Unknown,Unknown
Senior,Machine learning,185000.0,,Mexico,Unknown,Unknown
Senior,Machine learning,142000.0,,United States,Unknown,Unknown
Senior,Machine learning,45000.0,,France,Unknown,Unknown
Senior,Machine learning,190000.0,,United States,Unknown,Unknown
Senior,Machine learning,63000.0,,United States,Unknown,Unknown
Senior,Machine learning,45000.0,,United States,Unknown,Unknown
Entry,Machine learning,30000.0,,United States,Unknown,Unknown
Senior,Machine learning,201000.0,,United States,Unknown,Unknown
Senior,Machine learning,81000.0,,United States,Unknown,Unknown
Senior,Machine learning,150000.0,,United States,Unknown,Unknown
Senior,Machine learning,45000.0,,United States,Unknown,Unknown
Senior,Machine learning,45000.0,,United States,Unknown,Unknown
Senior,Machine learning,165000.0,,United States,Unknown,Unknown
Mid,Machine learning,62000.0,,Australia,Unknown,Unknown
Mid,Machine learning,43000.0,,Greece,Unknown,Unknown
Senior,Machine learning,68000.0,,United Kingdom,Unknown,Unknown
Senior,Machine learning,150000.0,,United States,Unknown,Unknown
Senior,Machine learning,63000.0,,Canada Remote,Unknown,Unknown
Senior,Machine learning,45000.0,,United States,Unknown,Unknown
Mid,Machine learning,51000.0,,South Africa,Unknown,Unknown
Senior,Machine learning,63000.0,,United Kingdom,Unknown,Unknown
Senior,Machine learning,175000.0,,United States,Unknown,Unknown
Senior,Machine learning,56000.0,,Canada,Unknown,Unknown
Entry,Machine learning,30000.0,,Spain,Unknown,Unknown
Mid,Machine learning,63000.0,,Greece,Unknown,Unknown
Mid,Machine learning,43000.0,,United Kingdom,Unknown,Unknown
Senior,Machine learning,196000.0,,United States,Unknown,Unknown
Senior,Machine learning,63000.0,,Canada Remote,Unknown,Unknown
Senior,Machine learning,30000.0,,Ukraine,Unknown,Unknown
Senior,Machine learning,177000.0,,United States,Unknown,Unknown
Senior,Machine learning,63000.0,,India,Unknown,Unknown
Senior,Machine learning,45000.0,,Portugal,Unknown,Unknown
Senior,Machine learning,45000.0,,Australia,Unknown,Unknown
Senior,Machine learning,167000.0,,United States,Unknown,Unknown
Senior,Machine learning,45000.0,,Australia,Unknown,Unknown
Mid,Machine learning,43000.0,,Canada,Unknown,Unknown
Mid,Machine learning,40000.0,,United States,Unknown,Unknown
Mid,Machine learning,45000.0,,Mexico,Unknown,Unknown
Senior,Machine learning,81000.0,,United States,Unknown,Unknown
Senior,Machine learning,120000.0,,Poland,Unknown,Unknown
Senior,Machine learning,120000.0,,United States,Unknown,Unknown
Mid,Machine learning,45000.0,,Ecuador,Unknown,Unknown
Mid,Machine learning,45000.0,,Chile,Unknown,Unknown
Entry,Machine learning,30000.0,,South Korea,Unknown,Unknown
Senior,Machine learning,200000.0,,United States,Unknown,Unknown
Senior,Machine learning,95000.0,,United States,Unknown,Unknown
Mid,Machine learning,40000.0,,United States,Unknown,Unknown
Senior,Machine learning,68000.0,,South Korea,Unknown,Unknown
Entry,Machine learning,30000.0,,United States,Unknown,Unknown
Mid,Machine learning,135000.0,,United States,Unknown,Unknown
Entry,Machine learning,36000.0,,France,Unknown,Unknown
Senior,Machine learning,68000.0,,United States,Unknown,Unknown
Senior,Machine learning,45000.0,,South Korea,Unknown,Unknown
Senior,Machine learning,68000.0,,Canada,Unknown,Unknown
Senior,Machine learning,45000.0,,South Korea,Unknown,Unknown
Senior,Machine learning,45000.0,,Germany,Unknown,Unknown
Senior,Machine learning,45000.0,,Portugal,Unknown,Unknown
Senior,Machine learning,68000.0,,United States,Unknown,Unknown
Senior,Machine learning,45000.0,,United States,Unknown,Unknown
Senior,Machine learning,63000.0,,United States,Unknown,Unknown
Entry,Machine learning,120000.0,,United States,Unknown,Unknown
Entry,Machine learning,30000.0,,France,Unknown,Unknown
Mid,Machine learning,100000.0,,United States,Unknown,Unknown
Senior,Machine learning,45000.0,,Australia,Unknown,Unknown
Mid,Machine learning,150000.0,,United States,Unknown,Unknown
Senior,Machine learning,45000.0,,United States,Unknown,Unknown
Mid,Machine learning,100000.0,,United States,Unknown,Unknown
Mid,Machine learning,90000.0,,France,Unknown,Unknown
Entry,Machine learning,56000.0,,Japan,Unknown,Unknown
Senior,Machine learning,45000.0,,United States,Unknown,Unknown
Mid,Machine learning,43000.0,,United States,Unknown,Unknown
Mid,Machine learning,43000.0,,Kenya,Unknown,Unknown
Mid,Machine learning,43000.0,,France,Unknown,Unknown
Entry,Machine learning,36000.0,,Canada,Unknown,Unknown
Mid,Machine learning,43000.0,,India,Unknown,Unknown
Mid,Machine learning,40000.0,,Spain,Unknown,Unknown
Senior,Machine learning,45000.0,,United States,Unknown,Unknown
Senior,Machine learning,142000.0,,United States,Unknown,Unknown
Mid,Machine learning,43000.0,,Japan,Unknown,Unknown
Senior,Machine learning,45000.0,,India,Unknown,Unknown
Mid,Machine learning,43000.0,,Japan,Unknown,Unknown
Senior,Machine learning,120000.0,,Germany,Unknown,Unknown
Senior,Machine learning,45000.0,,United States,Unknown,Unknown
Senior,Machine learning,90000.0,,United States,Unknown,Unknown
Senior,Machine learning,68000.0,,Denmark,Unknown,Unknown
Senior,Machine learning,105000.0,,United States,Unknown,Unknown
Senior,Machine learning,120000.0,,Germany,Unknown,Unknown
Mid,Machine learning,43000.0,,Canada,Unknown,Unknown
Senior,Machine learning,45000.0,,United Kingdom,Unknown,Unknown
Senior,Machine learning,132000.0,,Canada,Unknown,Unknown
Senior,Machine learning,45000.0,,United States,Unknown,Unknown
Entry,Machine learning,140000.0,,United States,Unknown,Unknown
Mid,Machine learning,51000.0,,France,Unknown,Unknown
Senior,Machine learning,183000.0,,United States,Unknown,Unknown
Senior,Machine learning,63000.0,,United States,Unknown,Unknown
Senior,Machine learning,68000.0,,Canada,Unknown,Unknown
Entry,Machine learning,30000.0,,Poland,Unknown,Unknown
Entry,Machine learning,30000.0,,Belgium,Unknown,Unknown
Mid,Machine learning,40000.0,,United States,Unknown,Unknown
Senior,Machine learning,45000.0,,United States,Unknown,Unknown
Senior,Machine learning,76000.0,,India,Unknown,Unknown
Senior,Machine learning,68000.0,,United Kingdom,Unknown,Unknown
Mid,Machine learning,43000.0,,Spain,Unknown,Unknown
Senior,Machine learning,75768.0,,France,Unknown,Unknown
Senior,Machine learning,120000.0,,Netherlands,Unknown,Unknown
Senior,Machine learning,45000.0,,Netherlands,Unknown,Unknown
Senior,Machine learning,45000.0,,Uruguay,Unknown,Unknown
Senior,Machine learning,76000.0,,Vietnam,Unknown,Unknown
Mid,Machine learning,45000.0,,Hungary,Unknown,Unknown
Entry,Machine learning,30000.0,,Poland,Unknown,Unknown
Senior,Machine learning,56000.0,,Singapore,Unknown,Unknown
Entry,Machine learning,30000.0,,Norway,Unknown,Unknown
Senior,Machine learning,45000.0,,United Kingdom,Unknown,Unknown
Senior,Machine learning,68000.0,,Thailand,Unknown,Unknown
Senior,Machine learning,45000.0,,United States,Unknown,Unknown
Senior,Machine learning,63000.0,,Thailand,Unknown,Unknown
Senior,Machine learning,145000.0,,United States,Unknown,Unknown
Senior,Machine learning,45000.0,,Israel,Unknown,Unknown
Senior,Machine learning,145000.0,,United States,Unknown,Unknown
Mid,Machine learning,43000.0,,Canada,Unknown,Unknown
Senior,Machine learning,45000.0,,United States,Unknown,Unknown
Executive,Machine learning,110000.0,,United States,Unknown,Unknown
Senior,Machine learning,63000.0,,Thailand,Unknown,Unknown
Mid,Machine learning,43000.0,,Canada,Unknown,Unknown
Senior,Machine learning,120000.0,,Canada,Unknown,Unknown
Senior,Machine learning,45000.0,,India,Unknown,Unknown
Senior,Machine learning,45000.0,,United States,Unknown,Unknown
Mid,Machine learning,40000.0,,Spain,Unknown,Unknown
Mid,Machine learning,50291.6,,United Kingdom,Unknown,Unknown
Senior,Machine learning,45000.0,,United States,Unknown,Unknown
Senior,Machine learning,45000.0,,India,Unknown,Unknown
Senior,Machine learning,45000.0,,Finland,Unknown,Unknown
Entry,Machine learning,30000.0,,Bulgaria,Unknown,Unknown
Senior,Machine learning,163000.0,,United States,Unknown,Unknown
Senior,Machine learning,45000.0,,United States,Unknown,Unknown
Senior,Machine learning,45000.0,,United Kingdom,Unknown,Unknown
Senior,Machine learning,196000.0,,United States,Unknown,Unknown
Senior,Machine learning,120000.0,,United States,Unknown,Unknown
Senior,Machine learning,63000.0,,United States,Unknown,Unknown
Senior,Machine learning,63000.0,,United States,Unknown,Unknown
Senior,Machine learning,45000.0,,United States,Unknown,Unknown
Senior,Machine learning,45000.0,,United States,Unknown,Unknown
Executive,Machine learning,43000.0,,United States,Unknown,Unknown
Senior,Machine learning,45000.0,,Canada,Unknown,Unknown
Mid,Machine learning,30000.0,,United Kingdom,Unknown,Unknown
Senior,Machine learning,68000.0,,United States,Unknown,Unknown
Mid,Machine learning,63000.0,,India,Unknown,Unknown
Senior,Machine learning,45000.0,,Canada,Unknown,Unknown
Senior,Machine learning,81000.0,,United States,Unknown,Unknown
Senior,Machine learning,45000.0,,Germany,Unknown,Unknown
Mid,Machine learning,43000.0,,United States,Unknown,Unknown
Senior,Machine learning,141000.0,,United States,Unknown,Unknown
Entry,Machine learning,30000.0,,United States,Unknown,Unknown
Senior,Machine learning,103000.0,,United States,Unknown,Unknown
Mid,Machine learning,63000.0,,Portugal,Unknown,Unknown
Mid,Machine learning,62000.0,,Japan,Unknown,Unknown
Senior,Machine learning,68000.0,,Spain,Unknown,Unknown
Senior,Machine learning,45000.0,,Canada Remote,Unknown,Unknown
Mid,Machine learning,43000.0,,United States,Unknown,Unknown
Senior,Machine learning,68000.0,,United States,Unknown,Unknown
Senior,Machine learning,45000.0,,Canada,Unknown,Unknown
Senior,Machine learning,63000.0,,United Kingdom,Unknown,Unknown
Mid,Machine learning,62000.0,,Japan,Unknown,Unknown
Senior,Machine learning,56000.0,,United States,Unknown,Unknown
Senior,Machine learning,68000.0,,United States,Unknown,Unknown
Senior,Machine learning,68000.0,,India,Unknown,Unknown
Senior,Machine learning,45000.0,,Ireland,Unknown,Unknown
Senior,Machine learning,68000.0,,Germany,Unknown,Unknown
Senior,Machine learning,76000.0,,United States,Unknown,Unknown
Mid,Machine learning,43000.0,,Philippines,Unknown,Unknown
Senior,Machine learning,76000.0,,United States,Unknown,Unknown
Mid,Machine learning,43000.0,,Canada,Unknown,Unknown
Senior,Machine learning,45000.0,,United Kingdom,Unknown,Unknown
Senior,Machine learning,142000.0,,United States,Unknown,Unknown
Executive,Machine learning,43000.0,,Singapore,Unknown,Unknown
Senior,Machine learning,228000.0,,Canada,Unknown,Unknown
Senior,Machine learning,45000.0,,India,Unknown,Unknown
Executive,Machine learning,175000.0,,United States,Unknown,Unknown
Mid,Machine learning,38000.0,,United States,Unknown,Unknown
Senior,Machine learning,56000.0,,United States,Unknown,Unknown
Senior,Machine learning,45000.0,,India,Unknown,Unknown
Senior,Machine learning,45000.0,,United States,Unknown,Unknown
Senior,Machine learning,68000.0,,South Korea,Unknown,Unknown
Entry,Machine learning,30000.0,,South Korea,Unknown,Unknown
Senior,Machine learning,45000.0,,United States,Unknown,Unknown
Senior,Machine learning,184000.0,,United States,Unknown,Unknown
Senior,Machine learning,45000.0,,India,Unknown,Unknown
Senior,Machine learning,45000.0,,United States,Unknown,Unknown
Mid,Machine learning,43000.0,,United States,Unknown,Unknown
Senior,Machine learning,45000.0,,South Korea,Unknown,Unknown
Senior,Machine learning,142000.0,,United States,Unknown,Unknown
Senior,Machine learning,45000.0,,United States,Unknown,Unknown
Senior,Machine learning,45000.0,,Germany,Unknown,Unknown
Entry,Machine learning,30000.0,,Belgium,Unknown,Unknown
Mid,Machine learning,43000.0,,United States,Unknown,Unknown
Senior,Machine learning,172000.0,,United States,Unknown,Unknown
Senior,Machine learning,56000.0,,United States,Unknown,Unknown
Senior,Machine learning,68000.0,,United States,Unknown,Unknown
Senior,Machine learning,56000.0,,United States,Unknown,Unknown
Senior,Machine learning,45000.0,,United Kingdom,Unknown,Unknown
Senior,Machine learning,45000.0,,United States,Unknown,Unknown
Senior,Machine learning,46000.0,,Thailand,Unknown,Unknown
Senior,Machine learning,45000.0,,Portugal,Unknown,Unknown
Mid,Machine learning,81723.85,,United Kingdom,Unknown,Unknown
Senior,Machine learning,115000.0,,United States,Unknown,Unknown
Senior,Machine learning,45000.0,,India,Unknown,Unknown
Senior,Machine learning,142000.0,,United States,Unknown,Unknown
Senior,Machine learning,76000.0,,India,Unknown,Unknown
Mid,Machine learning,43000.0,,Poland,Unknown,Unknown
Senior,Machine learning,46000.0,,Thailand,Unknown,Unknown
Mid,Machine learning,43000.0,,Poland,Unknown,Unknown
Senior,Machine learning,68000.0,,India,Unknown,Unknown
Senior,Machine learning,45000.0,,Poland,Unknown,Unknown
Senior,Machine learning,45000.0,,Poland,Unknown,Unknown
Senior,Machine learning,119000.0,,United States,Unknown,Unknown
Senior,Machine learning,147000.0,,United States,Unknown,Unknown
Senior,Machine learning,45000.0,,Switzerland,Unknown,Unknown
Senior,Machine learning,45000.0,,United States,Unknown,Unknown
Senior,Machine learning,68000.0,,United Arab Emirates,Unknown,Unknown
Senior,Machine learning,68000.0,,India,Unknown,Unknown
Senior,Machine learning,68000.0,,Czech Republic,Unknown,Unknown
Senior,Machine learning,68000.0,,United States,Unknown,Unknown
Mid,Machine learning,30000.0,,France,Unknown,Unknown
Senior,Machine learning,76000.0,,Denmark,Unknown,Unknown
Senior,Machine learning,45000.0,,United States,Unknown,Unknown
Mid,Machine learning,38000.0,,Vietnam,Unknown,Unknown
Entry,Machine learning,30000.0,,France,Unknown,Unknown
Senior,Machine learning,45000.0,,Poland,Unknown,Unknown
Senior,Machine learning,45000.0,,Europe,Unknown,Unknown
Senior,Machine learning,45000.0,,United States,Unknown,Unknown
Mid,Machine learning,43000.0,,Canada,Unknown,Unknown
Entry,Machine learning,30000.0,,Germany,Unknown,Unknown
Senior,Machine learning,45000.0,,Canada,Unknown,Unknown
Senior,Machine learning,45000.0,,United States,Unknown,Unknown
Mid,Machine learning,90000.0,,France,Unknown,Unknown
Mid,ML Ops,124000.0,,United States,Unknown,Unknown
Entry,ML Ops,35000.0,,United States,Unknown,Unknown
Senior,ML Ops,62000.0,,Germany,Unknown,Unknown
Mid,ML Ops,56000.0,,United Kingdom,Unknown,Unknown
Mid,ML Ops,43000.0,,United Kingdom,Unknown,Unknown
Mid,ML Ops,45000.0,,Mexico,Unknown,Unknown
Mid,ML Ops,45000.0,,Ecuador,Unknown,Unknown
Mid,ML Ops,45000.0,,Chile,Unknown,Unknown
Senior,ML Ops,68000.0,,United States,Unknown,Unknown
Entry,ML Ops,58000.0,,United States,Unknown,Unknown
Senior,ML Ops,45000.0,,Canada,Unknown,Unknown
Senior,ML Ops,141000.0,,United States,Unknown,Unknown
Senior,ML Ops,55000.0,,United States,Unknown,Unknown
Senior,ML Ops,228000.0,,Canada,Unknown,Unknown
Senior,ML Ops,115000.0,,United States,Unknown,Unknown
Senior,ML Ops,76000.0,,India,Unknown,Unknown
Senior,ML Ops,68000.0,,United States,Unknown,Unknown
